{
  "headline": {
    "n_events": 92,
    "R_sum": -21.407706000000008,
    "E_R": -0.23269245652173923,
    "win_rate": 0.391304347826087,
    "profit_factor": 0.7112015513308789,
    "max_dd_R": -30.352427000000006,
    "trade_sharpe": -0.1552358316378482,
    "daily_sharpe": -0.28127966875177796,
    "best_R": 2.805013,
    "worst_R": -1.779481,
    "win_streak_max": 4,
    "lose_streak_max": 10
  },
  "breakdowns": {
    "by_regime": [
      {
        "regime": "trend",
        "n": 92,
        "R_sum": -21.407706000000008,
        "E_R": -0.23269245652173923,
        "win_rate": 0.391304347826087,
        "profit_factor": 0.7112015513308789,
        "avg_win_R": 1.4644193888888888,
        "avg_loss_R": -1.3236929285714285
      }
    ],
    "by_session": [
      {
        "session": "ASIA",
        "n": 18,
        "R_sum": -2.7366669999999993,
        "E_R": -0.15203705555555552,
        "win_rate": 0.3888888888888889,
        "profit_factor": 0.8025297879328928,
        "avg_win_R": 1.5888521428571427,
        "avg_loss_R": -1.2598756363636363
      },
      {
        "session": "EU",
        "n": 19,
        "R_sum": -6.351879,
        "E_R": -0.3343094210526316,
        "win_rate": 0.3684210526315789,
        "profit_factor": 0.6159913741507456,
        "avg_win_R": 1.4555858571428573,
        "avg_loss_R": -1.3784150000000002
      },
      {
        "session": "US",
        "n": 55,
        "R_sum": -12.319159999999997,
        "E_R": -0.2239847272727272,
        "win_rate": 0.4,
        "profit_factor": 0.7182723281202231,
        "avg_win_R": 1.4276378181818181,
        "avg_loss_R": -1.3250664242424244
      }
    ],
    "by_side": [
      {
        "side": "short",
        "n": 43,
        "R_sum": -2.1857759999999993,
        "E_R": -0.05083199999999998,
        "win_rate": 0.4186046511627907,
        "profit_factor": 0.9316162561751122,
        "avg_win_R": 1.6543116666666664,
        "avg_loss_R": -1.27853544
      },
      {
        "side": "long",
        "n": 49,
        "R_sum": -19.221930000000004,
        "E_R": -0.3922842857142858,
        "win_rate": 0.3673469387755102,
        "profit_factor": 0.5441088291276576,
        "avg_win_R": 1.274527111111111,
        "avg_loss_R": -1.360110258064516
      }
    ],
    "by_strategy": [
      {
        "strategy": "TrendStrategy",
        "n": 92,
        "R_sum": -21.407706000000008,
        "E_R": -0.23269245652173923,
        "win_rate": 0.391304347826087,
        "profit_factor": 0.7112015513308789,
        "avg_win_R": 1.4644193888888888,
        "avg_loss_R": -1.3236929285714285
      }
    ],
    "by_reason": [
      {
        "reason": "TP",
        "n": 12,
        "R_sum": 31.843270999999998,
        "E_R": 2.6536059166666663,
        "win_rate": 1.0,
        "profit_factor": Infinity,
        "avg_win_R": 2.6536059166666663,
        "avg_loss_R": 0.0
      },
      {
        "reason": "SL",
        "n": 80,
        "R_sum": -53.250977,
        "E_R": -0.6656372125,
        "win_rate": 0.3,
        "profit_factor": 0.28162318990577284,
        "avg_win_R": 0.869826125,
        "avg_loss_R": -1.3236929285714285
      }
    ],
    "by_hour": [
      {
        "hour": "14",
        "n": 10,
        "R_sum": 11.547315999999999,
        "E_R": 1.1547315999999999,
        "win_rate": 0.8,
        "profit_factor": 5.7350720349304005,
        "avg_win_R": 1.7482492500000002,
        "avg_loss_R": -1.2193390000000002
      },
      {
        "hour": "18",
        "n": 6,
        "R_sum": 4.295093,
        "E_R": 0.7158488333333333,
        "win_rate": 0.6666666666666666,
        "profit_factor": 2.504596363544647,
        "avg_win_R": 1.78743525,
        "avg_loss_R": -1.427324
      },
      {
        "hour": "3",
        "n": 2,
        "R_sum": 2.456077,
        "E_R": 1.2280385,
        "win_rate": 1.0,
        "profit_factor": Infinity,
        "avg_win_R": 1.2280385,
        "avg_loss_R": 0.0
      },
      {
        "hour": "22",
        "n": 3,
        "R_sum": 2.006608,
        "E_R": 0.6688693333333333,
        "win_rate": 0.6666666666666666,
        "profit_factor": 2.2247639869796862,
        "avg_win_R": 1.8224855,
        "avg_loss_R": -1.638363
      },
      {
        "hour": "5",
        "n": 2,
        "R_sum": 1.2983859999999998,
        "E_R": 0.6491929999999999,
        "win_rate": 0.5,
        "profit_factor": 2.146598185593011,
        "avg_win_R": 2.430767,
        "avg_loss_R": -1.132381
      },
      {
        "hour": "12",
        "n": 4,
        "R_sum": 0.25677799999999973,
        "E_R": 0.06419449999999993,
        "win_rate": 0.5,
        "profit_factor": 1.0950820801209216,
        "avg_win_R": 1.4786854999999999,
        "avg_loss_R": -1.3502965
      },
      {
        "hour": "2",
        "n": 3,
        "R_sum": -0.21720099999999976,
        "E_R": -0.07240033333333325,
        "win_rate": 0.3333333333333333,
        "profit_factor": 0.9219296795249666,
        "avg_win_R": 2.564919,
        "avg_loss_R": -1.39106
      },
      {
        "hour": "9",
        "n": 4,
        "R_sum": -0.2851380000000001,
        "E_R": -0.07128450000000003,
        "win_rate": 0.5,
        "profit_factor": 0.8985059475205791,
        "avg_win_R": 1.262134,
        "avg_loss_R": -1.404703
      },
      {
        "hour": "8",
        "n": 2,
        "R_sum": -0.3663580000000001,
        "E_R": -0.18317900000000004,
        "win_rate": 0.5,
        "profit_factor": 0.7300265656606596,
        "avg_win_R": 0.990657,
        "avg_loss_R": -1.357015
      },
      {
        "hour": "6",
        "n": 1,
        "R_sum": -1.281985,
        "E_R": -1.281985,
        "win_rate": 0.0,
        "profit_factor": 0.0,
        "avg_win_R": 0.0,
        "avg_loss_R": -1.281985
      },
      {
        "hour": "0",
        "n": 2,
        "R_sum": -1.467994,
        "E_R": -0.733997,
        "win_rate": 0.0,
        "profit_factor": 0.0,
        "avg_win_R": 0.0,
        "avg_loss_R": -0.733997
      },
      {
        "hour": "10",
        "n": 4,
        "R_sum": -1.5688330000000001,
        "E_R": -0.39220825000000004,
        "win_rate": 0.25,
        "profit_factor": 0.6272230291863876,
        "avg_win_R": 2.63967,
        "avg_loss_R": -1.4028343333333335
      },
      {
        "hour": "11",
        "n": 3,
        "R_sum": -1.684411,
        "E_R": -0.5614703333333334,
        "win_rate": 0.3333333333333333,
        "profit_factor": 0.3900478210393743,
        "avg_win_R": 1.077135,
        "avg_loss_R": -1.380773
      },
      {
        "hour": "21",
        "n": 1,
        "R_sum": -1.779481,
        "E_R": -1.779481,
        "win_rate": 0.0,
        "profit_factor": 0.0,
        "avg_win_R": 0.0,
        "avg_loss_R": -1.779481
      },
      {
        "hour": "20",
        "n": 6,
        "R_sum": -2.035901,
        "E_R": -0.33931683333333335,
        "win_rate": 0.5,
        "profit_factor": 0.48917377115979754,
        "avg_win_R": 0.6498683333333334,
        "avg_loss_R": -1.328502
      },
      {
        "hour": "1",
        "n": 2,
        "R_sum": -2.713541,
        "E_R": -1.3567705,
        "win_rate": 0.0,
        "profit_factor": 0.0,
        "avg_win_R": 0.0,
        "avg_loss_R": -1.3567705
      },
      {
        "hour": "7",
        "n": 3,
        "R_sum": -2.817017,
        "E_R": -0.9390056666666666,
        "win_rate": 0.3333333333333333,
        "profit_factor": 0.008877128244966661,
        "avg_win_R": 0.025231,
        "avg_loss_R": -1.4211239999999998
      },
      {
        "hour": "16",
        "n": 9,
        "R_sum": -3.9016770000000003,
        "E_R": -0.4335196666666667,
        "win_rate": 0.3333333333333333,