{
  "headline": {
    "n_events": 58,
    "R_sum": -18.270559,
    "E_R": -0.3150096379310345,
    "win_rate": 0.3103448275862069,
    "profit_factor": 0.6352155270202686,
    "max_dd_R": -19.017409,
    "trade_sharpe": -0.20914983499817774,
    "daily_sharpe": -0.30722710793252356,
    "best_R": 2.816725,
    "worst_R": -1.802419,
    "win_streak_max": 3,
    "lose_streak_max": 8
  },
  "breakdowns": {
    "by_regime": [
      {
        "regime": "trend",
        "n": 58,
        "R_sum": -18.270559,
        "E_R": -0.3150096379310345,
        "win_rate": 0.3103448275862069,
        "profit_factor": 0.6352155270202686,
        "avg_win_R": 1.767519,
        "avg_loss_R": -1.252147525
      }
    ],
    "by_session": [
      {
        "session": "ASIA",
        "n": 6,
        "R_sum": -1.21225,
        "E_R": -0.20204166666666667,
        "win_rate": 0.3333333333333333,
        "profit_factor": 0.7326666078595688,
        "avg_win_R": 1.661175,
        "avg_loss_R": -1.1336499999999998
      },
      {
        "session": "US",
        "n": 40,
        "R_sum": -4.4852219999999985,
        "E_R": -0.11213054999999997,
        "win_rate": 0.375,
        "profit_factor": 0.8521331043449484,
        "avg_win_R": 1.7231741333333332,
        "avg_loss_R": -1.2133133600000001
      },
      {
        "session": "EU",
        "n": 12,
        "R_sum": -12.573087000000001,
        "E_R": -1.04775725,
        "win_rate": 0.08333333333333333,
        "profit_factor": 0.173826969562703,
        "avg_win_R": 2.64538,
        "avg_loss_R": -1.383497
      }
    ],
    "by_side": [
      {
        "side": "long",
        "n": 26,
        "R_sum": -6.274489000000001,
        "E_R": -0.24132650000000003,
        "win_rate": 0.38461538461538464,
        "profit_factor": 0.7023961409564766,
        "avg_win_R": 1.480887,
        "avg_loss_R": -1.3177099375
      },
      {
        "side": "short",
        "n": 32,
        "R_sum": -11.99607,
        "E_R": -0.3748771875,
        "win_rate": 0.25,
        "profit_factor": 0.5863786698421124,
        "avg_win_R": 2.125809,
        "avg_loss_R": -1.2084392499999999
      }
    ],
    "by_strategy": [
      {
        "strategy": "TrendStrategy",
        "n": 58,
        "R_sum": -18.270559,
        "E_R": -0.3150096379310345,
        "win_rate": 0.3103448275862069,
        "profit_factor": 0.6352155270202686,
        "avg_win_R": 1.767519,
        "avg_loss_R": -1.252147525
      }
    ],
    "by_reason": [
      {
        "reason": "TP",
        "n": 7,
        "R_sum": 18.806075999999997,
        "E_R": 2.686582285714285,
        "win_rate": 1.0,
        "profit_factor": Infinity,
        "avg_win_R": 2.686582285714285,
        "avg_loss_R": 0.0
      },
      {
        "reason": "SL",
        "n": 51,
        "R_sum": -37.076635,
        "E_R": -0.726992843137255,
        "win_rate": 0.21568627450980393,
        "profit_factor": 0.25973908306052035,
        "avg_win_R": 1.1826605454545456,
        "avg_loss_R": -1.252147525
      }
    ],
    "by_hour": [
      {
        "hour": "14",
        "n": 10,
        "R_sum": 4.421832,
        "E_R": 0.4421832,
        "win_rate": 0.5,
        "profit_factor": 1.848290960657909,
        "avg_win_R": 1.9268936,
        "avg_loss_R": -1.0425271999999999
      },
      {
        "hour": "18",
        "n": 4,
        "R_sum": 3.215623,
        "E_R": 0.80390575,
        "win_rate": 0.75,
        "profit_factor": 3.477810363639726,
        "avg_win_R": 1.5044636666666669,
        "avg_loss_R": -1.297768
      },
      {
        "hour": "3",
        "n": 1,
        "R_sum": 2.589556,
        "E_R": 2.589556,
        "win_rate": 1.0,
        "profit_factor": Infinity,
        "avg_win_R": 2.589556,
        "avg_loss_R": 0.0
      },
      {
        "hour": "16",
        "n": 3,
        "R_sum": 2.127265,
        "E_R": 0.7090883333333333,
        "win_rate": 0.6666666666666666,
        "profit_factor": 2.457852611437817,
        "avg_win_R": 1.793221,
        "avg_loss_R": -1.459177
      },
      {
        "hour": "22",
        "n": 1,
        "R_sum": 0.732794,
        "E_R": 0.732794,
        "win_rate": 1.0,
        "profit_factor": Infinity,
        "avg_win_R": 0.732794,
        "avg_loss_R": 0.0
      },
      {
        "hour": "10",
        "n": 3,
        "R_sum": -0.31331,
        "E_R": -0.10443666666666666,
        "win_rate": 0.3333333333333333,
        "profit_factor": 0.8941051614058925,
        "avg_win_R": 2.64538,
        "avg_loss_R": -1.479345
      },
      {
        "hour": "7",
        "n": 1,
        "R_sum": -0.608033,
        "E_R": -0.608033,
        "win_rate": 0.0,
        "profit_factor": 0.0,
        "avg_win_R": 0.0,
        "avg_loss_R": -0.608033
      },
      {
        "hour": "19",
        "n": 6,
        "R_sum": -0.9573279999999997,
        "E_R": -0.15955466666666662,
        "win_rate": 0.3333333333333333,
        "profit_factor": 0.8166975193521779,
        "avg_win_R": 2.13267,
        "avg_loss_R": -1.305667
      },
      {
        "hour": "17",
        "n": 3,
        "R_sum": -1.014629,
        "E_R": -0.3382096666666667,
        "win_rate": 0.3333333333333333,
        "profit_factor": 0.6118510952479324,
        "avg_win_R": 1.599391,
        "avg_loss_R": -1.30701
      },
      {
        "hour": "0",
        "n": 1,
        "R_sum": -1.287979,
        "E_R": -1.287979,
        "win_rate": 0.0,
        "profit_factor": 0.0,
        "avg_win_R": 0.0,
        "avg_loss_R": -1.287979
      },
      {
        "hour": "9",
        "n": 1,
        "R_sum": -1.299292,
        "E_R": -1.299292,
        "win_rate": 0.0,
        "profit_factor": 0.0,
        "avg_win_R": 0.0,
        "avg_loss_R": -1.299292
      },
      {
        "hour": "1",
        "n": 1,
        "R_sum": -1.310088,
        "E_R": -1.310088,
        "win_rate": 0.0,
        "profit_factor": 0.0,
        "avg_win_R": 0.0,
        "avg_loss_R": -1.310088
      },
      {
        "hour": "2",
        "n": 1,
        "R_sum": -1.3285,
        "E_R": -1.3285,
        "win_rate": 0.0,
        "profit_factor": 0.0,
        "avg_win_R": 0.0,
        "avg_loss_R": -1.3285
      },
      {
        "hour": "8",
        "n": 1,
        "R_sum": -1.361833,
        "E_R": -1.361833,
        "win_rate": 0.0,
        "profit_factor": 0.0,
        "avg_win_R": 0.0,
        "avg_loss_R": -1.361833
      },
      {
        "hour": "15",
        "n": 4,
        "R_sum": -1.5235239999999999,
        "E_R": -0.38088099999999997,
        "win_rate": 0.25,
        "profit_factor": 0.47352168531226396,
        "avg_win_R": 1.370278,
        "avg_loss_R": -0.9646006666666667
      },
      {
        "hour": "21",
        "n": 1,
        "R_sum": -1.802419,
        "E_R": -1.802419,
        "win_rate": 0.0,
        "profit_factor": 0.0,
        "avg_win_R": 0.0,
        "avg_loss_R": -1.802419
      },
      {
        "hour": "12",
        "n": 3,
        "R_sum": -4.119744,
        "E_R": -1.373248,
        "win_rate": 0.0,
        "profit_factor": 0.0,
        "avg_win_R": 0.0,
        "avg_loss_R": -1.373248
      },
      {
        "hour": "11",
        "n": 3,
        "R_sum": -4.137182,
        "E_R": -1.3790606666666667,
        "win_rate": 0.0,
        "profit_factor": 0.0,
        "avg_win_R": 0.0,
        "avg_loss_R": -1.3790606666666667
      },
      {
        "hour": "20",
        "n": 5,
        "R_sum": -4.851812,
        "E_R": -0.9703624,
        "win_rate": 0.2,
        "profit_factor": 0.15327827683707515,
        "avg_win_R": 0.878302,
        "avg_loss_R": -1.4325285
      },
      {
        "hour": "13",
        "n": 5,
        "R_sum": -5.441955999999999,