{
  "headline": {
    "n_events": 59,
    "R_sum": -21.215916999999997,
    "E_R": -0.359591813559322,
    "win_rate": 0.3220338983050847,
    "profit_factor": 0.5926160173770225,
    "max_dd_R": -21.540109,
    "trade_sharpe": -0.24229993988807694,
    "daily_sharpe": -0.35456950095636236,
    "best_R": 2.812594,
    "worst_R": -1.852595,
    "win_streak_max": 3,
    "lose_streak_max": 7
  },
  "breakdowns": {
    "by_regime": [
      {
        "regime": "trend",
        "n": 59,
        "R_sum": -21.215916999999997,
        "E_R": -0.359591813559322,
        "win_rate": 0.3220338983050847,
        "profit_factor": 0.5926160173770225,
        "avg_win_R": 1.6243426315789473,
        "avg_loss_R": -1.301960675
      }
    ],
    "by_session": [
      {
        "session": "ASIA",
        "n": 6,
        "R_sum": -4.286765,
        "E_R": -0.7144608333333333,
        "win_rate": 0.16666666666666666,
        "profit_factor": 0.1537095396397373,
        "avg_win_R": 0.778594,
        "avg_loss_R": -1.0130718
      },
      {
        "session": "US",
        "n": 40,
        "R_sum": -4.8254930000000025,
        "E_R": -0.12063732500000006,
        "win_rate": 0.4,
        "profit_factor": 0.8469597303544201,
        "avg_win_R": 1.6690861250000002,
        "avg_loss_R": -1.3137862916666665
      },
      {
        "session": "EU",
        "n": 13,
        "R_sum": -12.103658999999999,
        "E_R": -0.9310506923076922,
        "win_rate": 0.15384615384615385,
        "profit_factor": 0.218220837779031,
        "avg_win_R": 1.6892690000000001,
        "avg_loss_R": -1.4074724545454544
      }
    ],
    "by_side": [
      {
        "side": "long",
        "n": 26,
        "R_sum": -8.542985999999999,
        "E_R": -0.3285763846153846,
        "win_rate": 0.38461538461538464,
        "profit_factor": 0.6039125878204614,
        "avg_win_R": 1.302545,
        "avg_loss_R": -1.34802725
      },
      {
        "side": "short",
        "n": 33,
        "R_sum": -12.672930999999998,
        "E_R": -0.3840282121212121,
        "win_rate": 0.2727272727272727,
        "profit_factor": 0.5846301298482848,
        "avg_win_R": 1.9818955555555557,
        "avg_loss_R": -1.271249625
      }
    ],
    "by_strategy": [
      {
        "strategy": "TrendStrategy",
        "n": 59,
        "R_sum": -21.215916999999997,
        "E_R": -0.359591813559322,
        "win_rate": 0.3220338983050847,
        "profit_factor": 0.5926160173770225,
        "avg_win_R": 1.6243426315789473,
        "avg_loss_R": -1.301960675
      }
    ],
    "by_reason": [
      {
        "reason": "TP",
        "n": 7,
        "R_sum": 18.817244000000002,
        "E_R": 2.6881777142857146,
        "win_rate": 1.0,
        "profit_factor": Infinity,
        "avg_win_R": 2.6881777142857146,
        "avg_loss_R": 0.0
      },
      {
        "reason": "SL",
        "n": 52,
        "R_sum": -40.03316100000001,
        "E_R": -0.7698684807692309,
        "win_rate": 0.23076923076923078,
        "profit_factor": 0.23129089517239068,
        "avg_win_R": 1.0037721666666666,
        "avg_loss_R": -1.301960675
      }
    ],
    "by_hour": [
      {
        "hour": "14",
        "n": 9,
        "R_sum": 3.754364,
        "E_R": 0.41715155555555555,
        "win_rate": 0.5555555555555556,
        "profit_factor": 1.735116892617158,
        "avg_win_R": 1.772306,
        "avg_loss_R": -1.2767914999999999
      },
      {
        "hour": "18",
        "n": 4,
        "R_sum": 3.2915490000000003,
        "E_R": 0.8228872500000001,
        "win_rate": 0.75,
        "profit_factor": 3.5005044235821066,
        "avg_win_R": 1.5359676666666668,
        "avg_loss_R": -1.316354
      },
      {
        "hour": "16",
        "n": 3,
        "R_sum": 2.1351190000000004,
        "E_R": 0.7117063333333334,
        "win_rate": 0.6666666666666666,
        "profit_factor": 2.4349872740189036,
        "avg_win_R": 1.8115100000000002,
        "avg_loss_R": -1.487901
      },
      {
        "hour": "22",
        "n": 1,
        "R_sum": 0.778594,
        "E_R": 0.778594,
        "win_rate": 1.0,
        "profit_factor": Infinity,
        "avg_win_R": 0.778594,
        "avg_loss_R": 0.0
      },
      {
        "hour": "19",
        "n": 6,
        "R_sum": -0.19180499999999978,
        "E_R": -0.03196749999999996,
        "win_rate": 0.3333333333333333,
        "profit_factor": 0.9638034385459553,
        "avg_win_R": 2.5535895,
        "avg_loss_R": -1.324746
      },
      {
        "hour": "10",
        "n": 3,
        "R_sum": -0.3953660000000001,
        "E_R": -0.1317886666666667,
        "win_rate": 0.3333333333333333,
        "profit_factor": 0.8690259048888612,
        "avg_win_R": 2.623292,
        "avg_loss_R": -1.5093290000000001
      },
      {
        "hour": "3",
        "n": 1,
        "R_sum": -0.434822,
        "E_R": -0.434822,
        "win_rate": 0.0,
        "profit_factor": 0.0,
        "avg_win_R": 0.0,
        "avg_loss_R": -0.434822
      },
      {
        "hour": "7",
        "n": 1,
        "R_sum": -0.646035,
        "E_R": -0.646035,
        "win_rate": 0.0,
        "profit_factor": 0.0,
        "avg_win_R": 0.0,
        "avg_loss_R": -0.646035
      },
      {
        "hour": "17",
        "n": 3,
        "R_sum": -0.9529939999999999,
        "E_R": -0.31766466666666665,
        "win_rate": 0.3333333333333333,
        "profit_factor": 0.6406978423260606,
        "avg_win_R": 1.699353,
        "avg_loss_R": -1.3261735
      },
      {
        "hour": "0",
        "n": 1,
        "R_sum": -1.305953,
        "E_R": -1.305953,
        "win_rate": 0.0,
        "profit_factor": 0.0,
        "avg_win_R": 0.0,
        "avg_loss_R": -1.305953
      },
      {
        "hour": "9",
        "n": 1,
        "R_sum": -1.318023,
        "E_R": -1.318023,
        "win_rate": 0.0,
        "profit_factor": 0.0,
        "avg_win_R": 0.0,
        "avg_loss_R": -1.318023
      },
      {
        "hour": "1",
        "n": 1,
        "R_sum": -1.329493,
        "E_R": -1.329493,
        "win_rate": 0.0,
        "profit_factor": 0.0,
        "avg_win_R": 0.0,
        "avg_loss_R": -1.329493
      },
      {
        "hour": "2",
        "n": 1,
        "R_sum": -1.349056,
        "E_R": -1.349056,
        "win_rate": 0.0,
        "profit_factor": 0.0,
        "avg_win_R": 0.0,
        "avg_loss_R": -1.349056
      },
      {
        "hour": "8",
        "n": 1,
        "R_sum": -1.384473,
        "E_R": -1.384473,
        "win_rate": 0.0,
        "profit_factor": 0.0,
        "avg_win_R": 0.0,
        "avg_loss_R": -1.384473
      },
      {
        "hour": "21",
        "n": 1,
        "R_sum": -1.852595,
        "E_R": -1.852595,
        "win_rate": 0.0,
        "profit_factor": 0.0,
        "avg_win_R": 0.0,
        "avg_loss_R": -1.852595
      },
      {
        "hour": "15",
        "n": 5,
        "R_sum": -1.935113,
        "E_R": -0.3870226,
        "win_rate": 0.4,
        "profit_factor": 0.49187093487662503,
        "avg_win_R": 0.9365985,
        "avg_loss_R": -1.2694366666666668
      },
      {
        "hour": "12",
        "n": 4,
        "R_sum": -3.4345069999999995,
        "E_R": -0.8586267499999999,
        "win_rate": 0.25,
        "profit_factor": 0.18026026832608033,
        "avg_win_R": 0.755246,
        "avg_loss_R": -1.3965843333333332
      },
      {
        "hour": "11",
        "n": 3,
        "R_sum": -4.208181,
        "E_R": -1.4027269999999998,
        "win_rate": 0.0,
        "profit_factor": 0.0,
        "avg_win_R": 0.0,
        "avg_loss_R": -1.4027269999999998
      },
      {
        "hour": "20",
        "n": 5,
        "R_sum": -4.904999,
        "E_R": -0.9809998,